{"cameraMode":{"drawMode":0,"name":"Shaded","section":"Shading Mode"},"sceneLighting":false,"audioPlay":false,"sceneViewState":{"showFog":false,"showMaterialUpdate":false,"showSkybox":false,"showFlares":false,"showImageEffects":false,"showParticleSystems":true},"in2DMode":false,"pivot":{"x":1.620411992073059,"y":6.275890827178955,"z":-2.133713483810425},"rotation":{"x":-0.014192426577210427,"y":0.8780031204223633,"z":-0.47773298621177676,"w":-0.026083866134285928},"size":6.391992568969727,"orthographic":false}