{"cameraMode":{"drawMode":0,"name":"Shaded","section":"Shading Mode"},"sceneLighting":false,"audioPlay":false,"sceneViewState":{"showFog":false,"showMaterialUpdate":false,"showSkybox":false,"showFlares":false,"showImageEffects":false,"showParticleSystems":true},"in2DMode":false,"pivot":{"x":1.6235004663467408,"y":-2.5033397674560549,"z":-2.757239818572998},"rotation":{"x":0.0058954330161213879,"y":0.8776049017906189,"z":-0.4792269468307495,"w":0.01079594250768423},"size":12.123806953430176,"orthographic":false}