{"cameraMode":{"drawMode":0,"name":"Shaded","section":"Shading Mode"},"sceneLighting":false,"audioPlay":false,"sceneViewState":{"showFog":false,"showMaterialUpdate":false,"showSkybox":false,"showFlares":false,"showImageEffects":false,"showParticleSystems":true},"in2DMode":false,"pivot":{"x":0.10119043290615082,"y":-0.24903297424316407,"z":-6.634453773498535},"rotation":{"x":0.42577195167541506,"y":-0.0013612030306831003,"z":0.0006406341562978923,"w":0.9048292636871338},"size":5.630141735076904,"orthographic":false}