{"cameraMode":{"drawMode":0,"name":"Shaded","section":"Shading Mode"},"sceneLighting":false,"audioPlay":false,"sceneViewState":{"showFog":false,"showMaterialUpdate":false,"showSkybox":false,"showFlares":false,"showImageEffects":false,"showParticleSystems":true},"in2DMode":false,"pivot":{"x":0.8581885099411011,"y":5.378531455993652,"z":-2.84438419342041},"rotation":{"x":0.002250137273222208,"y":0.8833501935005188,"z":-0.46868908405303957,"w":0.004240616224706173},"size":7.901018142700195,"orthographic":false}